#Data tag : 22v1 , Norm tag: None
#run:fill,time,nls,ncms,delivered(/fb),recorded(/fb)
352416:7652,05/27/22 07:51:18,15,9,0.000000006,0.000000003
352417:7652,05/27/22 07:57:07,176,168,0.000000060,0.000000054
352421:7652,05/27/22 09:05:17,14,7,0.000000005,0
352422:7652,05/27/22 09:10:33,22,19,0.000000007,0.000000006
352425:7652,05/27/22 09:18:57,441,441,0.000000114,0.000000113
352488:7662,05/28/22 05:23:36,19,19,0.000000005,0.000000005
352493:7663,05/28/22 06:25:37,246,206,0.000000148,0.000000123
352495:7663,05/28/22 08:01:07,11,4,0.000000006,0
352496:7663,05/28/22 08:05:16,19,12,0.000000011,0
352497:7663,05/28/22 08:12:26,13,6,0.000000007,0
352498:7663,05/28/22 08:17:21,12,6,0.000000007,0
352499:7663,05/28/22 08:21:56,68,62,0.000000037,0.000000033
352500:7663,05/28/22 08:48:20,9,5,0.000000005,0
352501:7663,05/28/22 08:51:47,13,10,0.000000007,0
352502:7663,05/28/22 08:56:37,12,6,0.000000006,0
352503:7663,05/28/22 09:01:16,41,33,0.000000021,0.000000016
352504:7663,05/28/22 09:16:52,10,3,0.000000005,0
352505:7663,05/28/22 09:20:35,139,126,0.000000064,0.000000053
352506:7663,05/28/22 10:14:20,11,4,0.000000005,0
352507:7663,05/28/22 10:18:18,8,2,0.000000003,0
352508:7663,05/28/22 10:21:15,41,34,0.000000017,0.000000010
352509:7663,05/28/22 10:37:01,293,293,0.000000109,0.000000107
352564:7670,05/29/22 06:13:16,39,32,0.000000027,0.000000021
352565:7670,05/29/22 06:28:10,17,10,0.000000011,0.000000005
352566:7670,05/29/22 06:34:42,14,7,0.000000009,0.000000003
352567:7670,05/29/22 06:39:52,128,126,0.000000062,0.000000060
352568:7670,05/29/22 07:29:36,674,671,0.000000259,0.000000255
352572:7670,05/29/22 11:51:15,117,117,0.000000030,0.000000029
352672:7679,05/31/22 07:37:16,251,184,0.000000575,0.000000396
352673:7679,05/31/22 09:14:47,225,225,0.000000759,0.000000747
352898:7692,06/03/22 06:58:53,6,0,0.000000005,0
352900:7692,06/03/22 07:01:04,31,25,0.000000024,0.000000018
352903:7692,06/03/22 07:12:58,53,46,0.000000039,0.000000033
352906:7692,06/03/22 07:33:16,48,42,0.000000034,0.000000029
352907:7692,06/03/22 07:51:48,49,42,0.000000033,0.000000028
352908:7692,06/03/22 08:10:34,50,43,0.000000032,0.000000026
352909:7692,06/03/22 08:29:39,75,71,0.000000041,0.000000038
352911:7692,06/03/22 08:58:36,11,5,0.000000006,0.000000002
352912:7692,06/03/22 09:02:39,313,311,0.000000152,0.000000145
353011:7696,06/04/22 03:34:55,8,0,0.000000008,0
353013:7696,06/04/22 03:37:35,11,4,0.000000012,0
353014:7696,06/04/22 03:41:32,9,5,0.000000009,0
353015:7696,06/04/22 03:44:54,315,315,0.000000264,0.000000262
353017:7697,06/04/22 06:22:48,4,0,0.000000004,0
353018:7697,06/04/22 06:24:12,439,439,0.000000222,0.000000217
353059:7702,06/05/22 04:37:02,8,0,0.000000006,0
353060:7702,06/05/22 04:40:05,1291,1291,0.000000496,0.000000482
353083:7703,06/05/22 14:41:54,9,0,0.000000007,0
353086:7703,06/05/22 14:44:58,12,4,0.000000010,0
353087:7703,06/05/22 14:49:19,291,291,0.000000181,0.000000178
353608:7725,06/12/22 11:17:46,209,209,0.000013455,0.000013340
353688:7733,06/13/22 07:54:46,6,0,0.000000005,0
353689:7733,06/13/22 07:57:03,200,194,0.000000119,0.000000110
353700:7733,06/13/22 09:14:37,14,8,0.000000008,0
353701:7733,06/13/22 09:19:52,30,26,0.000000016,0.000000013
353702:7733,06/13/22 09:31:15,39,34,0.000000020,0.000000017
353703:7733,06/13/22 09:46:14,35,31,0.000000017,0.000000015
353704:7733,06/13/22 09:59:31,21,18,0.000000010,0.000000008
353705:7733,06/13/22 10:07:41,30,23,0.000000014,0.000000011
353706:7733,06/13/22 10:19:03,148,137,0.000000063,0.000000056
353707:7733,06/13/22 11:16:17,53,47,0.000000020,0.000000018
353709:7733,06/13/22 11:36:35,168,168,0.000000057,0.000000056
353995:7816,06/19/22 13:15:02,141,135,0.000007002,0.000006363
353996:7816,06/19/22 14:09:49,29,23,0.000002255,0.000001713
353997:7816,06/19/22 14:20:58,196,196,0.000018209,0.000017974
354043:7822,06/20/22 07:56:41,10,0,0.000000018,0
354048:7822,06/20/22 08:00:13,34,27,0.000000089,0.000000068
354050:7822,06/20/22 08:13:07,137,123,0.000000319,0.000000284
354054:7822,06/20/22 09:06:07,297,292,0.000000517,0.000000492
354056:7822,06/20/22 11:01:14,179,179,0.000000234,0.000000231
354113:7825,06/21/22 12:01:52,830,826,0.000053629,0.000052531
354130:7825,06/21/22 17:25:31,39,39,0.000001613,0.000001592
354312:7856,06/24/22 02:06:58,113,107,0.000009686,0.000008869
354313:7856,06/24/22 02:50:51,57,52,0.000006405,0.000005619
354314:7856,06/24/22 03:12:40,49,44,0.000005340,0.000004741
354315:7856,06/24/22 03:31:23,71,66,0.000007698,0.000007070
354316:7856,06/24/22 03:59:23,61,55,0.000006544,0.000005746
354317:7856,06/24/22 04:23:01,57,53,0.000006045,0.000005492
354318:7856,06/24/22 04:45:16,53,34,0.000005548,0.000003405
354319:7856,06/24/22 05:05:46,8,4,0.000000832,0.000000081
354320:7856,06/24/22 05:08:34,38,32,0.000003935,0.000003044
354321:7856,06/24/22 05:23:08,70,66,0.000007142,0.000006394
354322:7856,06/24/22 05:50:19,16,11,0.000001625,0.000000202
354323:7856,06/24/22 05:56:12,23,19,0.000002336,0.000001830
354324:7856,06/24/22 06:05:02,28,22,0.000002834,0.000001947
354325:7856,06/24/22 06:15:36,30,22,0.000003022,0.000001927
354326:7856,06/24/22 06:27:00,26,16,0.000002606,0.000001303
354327:7856,06/24/22 06:36:58,44,25,0.000004397,0.000002459
354329:7856,06/24/22 06:54:01,380,371,0.000036586,0.000035216
354330:7856,06/24/22 09:21:21,61,58,0.000005644,0.000005245
354331:7856,06/24/22 09:44:46,209,207,0.000028364,0.000027580
354332:7856,06/24/22 11:05:58,283,268,0.000039713,0.000037191
354333:7856,06/24/22 12:55:44,20,20,0.000001379,0.000001367
354500:7876,06/26/22 22:09:04,8,0,0.000000032,0
354503:7876,06/26/22 22:12:02,86,82,0.000000312,0.000000284
354504:7876,06/26/22 22:45:19,128,125,0.000000399,0.000000375
354505:7876,06/26/22 23:35:03,8,4,0.000000023,0.000000007
354506:7876,06/26/22 23:37:59,39,3,0.000000109,0.000000005
354507:7876,06/26/22 23:52:56,642,642,0.000001206,0.000001188
354588:7886,06/29/22 03:58:26,314,314,0.000010160,0.000010031
354595:7886,06/29/22 07:58:33,105,99,0.000005548,0.000004944
354596:7886,06/29/22 08:39:04,195,195,0.000015074,0.000014888
354655:7888,06/29/22 20:51:19,154,95,0.000007344,0.000004643
354664:7888,06/29/22 21:51:08,29,29,0.000000138,0.000000137
354669:7889,06/30/22 00:02:44,219,219,0.000012437,0.000012280
354774:7893,06/30/22 23:44:47,212,212,0.000014491,0.000014311
354777:7894,07/01/22 03:25:18,160,160,0.000005449,0.000005386
354780:7895,07/01/22 06:31:19,31,0,0.000000005,0
354784:7895,07/01/22 06:43:16,292,281,0.000000038,0.000000036
354787:7895,07/01/22 08:36:28,373,373,0.000000036,0.000000036
355058:7916,07/05/22 00:13:00,350,350,0.000000054,0.000000054
355100:7920,07/05/22 14:47:25,283,279,0.000026848,0.000026054
355101:7920,07/05/22 16:37:01,33,31,0.000002663,0.000002493
355102:7920,07/05/22 16:49:44,23,20,0.000001606,0.000001212
355103:7920,07/05/22 16:58:38,49,43,0.000004707,0.000003910
355104:7920,07/05/22 17:17:22,34,28,0.000003388,0.000002612
355105:7920,07/05/22 17:30:33,35,29,0.000003459,0.000002732
355106:7920,07/05/22 17:44:01,34,27,0.000003324,0.000002447
355107:7920,07/05/22 17:56:53,36,29,0.000003509,0.000002756
355108:7920,07/05/22 18:10:31,41,34,0.000004079,0.000003228
355109:7920,07/05/22 18:26:15,35,29,0.000003547,0.000002776
355110:7920,07/05/22 18:39:39,34,28,0.000003430,0.000002737
355111:7920,07/05/22 18:52:47,33,28,0.000003312,0.000002665
355112:7920,07/05/22 19:06:00,33,27,0.000003287,0.000002571
355113:7920,07/05/22 19:18:45,33,27,0.000003372,0.000002540
355114:7920,07/05/22 19:31:31,7,4,0.000000723,0.000000002
355115:7920,07/05/22 19:33:56,6,1,0.000000619,0.000000002
355116:7920,07/05/22 19:35:59,7,5,0.000000724,0.000000002
355117:7920,07/05/22 19:39:25,39,34,0.000003968,0.000003340
355118:7920,07/05/22 19:55:00,31,27,0.000003189,0.000002620
355119:7920,07/05/22 20:07:48,31,27,0.000003166,0.000002645
355120:7920,07/05/22 20:20:31,33,27,0.000003340,0.000002562
355121:7920,07/05/22 20:33:16,42,35,0.000004209,0.000003406
355122:7920,07/05/22 20:49:16,34,28,0.000003545,0.000002816
355123:7920,07/05/22 21:02:21,33,27,0.000003417,0.000002583
355124:7920,07/05/22 21:14:57,34,27,0.000003489,0.000002689
355125:7920,07/05/22 21:27:51,5,3,0.000000511,0.000000002
355126:7920,07/05/22 21:30:17,6,4,0.000000612,0.000000002
355127:7920,07/05/22 21:33:22,47,43,0.000004758,0.000004251
355128:7920,07/05/22 21:52:20,31,27,0.000003251,0.000002708
355129:7920,07/05/22 22:05:00,31,27,0.000003246,0.000002748
355130:7920,07/05/22 22:17:40,270,270,0.000027233,0.000026834
355133:7921,07/06/22 02:34:27,278,274,0.000056449,0.000054723
355134:7921,07/06/22 04:22:12,146,144,0.000031739,0.000029982
355135:7921,07/06/22 05:18:57,1081,1081,0.000217430,0.000210182
355203:7923,07/07/22 00:21:21,18,11,0.000015341,0.000007764
355204:7923,07/07/22 00:27:59,22,14,0.000018299,0.000006216
355205:7923,07/07/22 00:36:28,56,48,0.000047097,0.000030508
355206:7923,07/07/22 00:57:55,244,237,0.000196438,0.000151308
355207:7923,07/07/22 02:32:36,752,749,0.000556628,0.000545400
355208:7923,07/07/22 07:24:31,514,514,0.000399309,0.000391717
355374:7960,07/10/22 12:15:14,52,44,0.000352350,0.000195509
355375:7960,07/10/22 12:35:05,23,6,0.000160099,0.000019182
355376:7960,07/10/22 12:43:45,71,62,0.000488179,0.000237960
355379:7960,07/10/22 13:11:03,170,163,0.001091001,0.000927335
355380:7960,07/10/22 14:16:55,294,265,0.002378265,0.001688730
355381:7960,07/10/22 16:11:05,361,358,0.002669021,0.002186833
355382:7960,07/10/22 18:31:06,108,101,0.000717399,0.000553944
355383:7960,07/10/22 19:13:01,274,274,0.001622765,0.001367474
355404:7963,07/11/22 02:27:34,1079,1068,0.008007936,0.007610321
355405:7963,07/11/22 09:26:35,23,13,0.000149218,0.000057988
355406:7963,07/11/22 09:35:12,29,22,0.000189494,0.000103022
355407:7963,07/11/22 09:46:22,46,42,0.000297186,0.000189617
355408:7963,07/11/22 10:04:02,41,33,0.000259946,0.000150440
355409:7963,07/11/22 10:19:37,9,5,0.000055473,0.000000850
355410:7963,07/11/22 10:22:52,19,12,0.000118173,0.000044604
355411:7963,07/11/22 10:30:12,25,3,0.000154826,0.000001158
355414:7963,07/11/22 10:39:54,19,12,0.000116647,0.000043794
355415:7963,07/11/22 10:47:11,23,4,0.000139925,0
355417:7963,07/11/22 10:55:58,26,12,0.000156647,0.000047101
355418:7963,07/11/22 11:05:52,47,41,0.000278631,0.000236073
355419:7963,07/11/22 11:24:08,124,109,0.000528636,0.000513883
355429:7965,07/11/22 14:40:20,67,67,0.000436861,0.000400244
355435:7966,07/11/22 17:19:12,61,48,0.000497470,0.000271002
355437:7966,07/11/22 17:42:46,15,10,0.000124153,0.000056633
355438:7966,07/11/22 17:48:31,21,17,0.000179526,0.000094495
355439:7966,07/11/22 17:56:22,16,11,0.000134792,0.000060142
355440:7966,07/11/22 18:02:31,11,4,0.000092213,0.000000081
355441:7966,07/11/22 18:06:31,20,14,0.000169987,0.000082634
355442:7966,07/11/22 18:14:11,29,22,0.000246066,0.000136514
355443:7966,07/11/22 18:25:07,243,240,0.002085112,0.001972762
355444:7966,07/11/22 19:59:14,159,154,0.001360038,0.001258262
355445:7966,07/11/22 21:00:53,249,249,0.001640737,0.001587328
355454:7967,07/12/22 01:33:38,105,92,0.000702437,0.000595171
355455:7967,07/12/22 02:14:05,53,39,0.000348173,0.000251358
355456:7967,07/12/22 02:34:24,515,502,0.003171687,0.003124727
355457:7967,07/12/22 05:54:11,236,229,0,0
355458:7967,07/12/22 07:25:43,5,3,0,0
355459:7967,07/12/22 07:27:33,9,4,0,0
355460:7967,07/12/22 07:31:02,12,6,0,0
355461:7967,07/12/22 07:35:40,17,7,0,0
355462:7967,07/12/22 07:41:55,19,6,0,0
355463:7967,07/12/22 07:49:14,88,88,0,0
355558:7969,07/13/22 00:38:06,341,335,0.014908270,0.013826794
355559:7969,07/13/22 02:50:34,255,168,0.010340576,0.006948105
355679:7978,07/14/22 16:56:48,72,64,0.001451382,0.001167494
355680:7978,07/14/22 17:24:25,1660,1660,0.050110899,0.048183512
355768:8007,07/18/22 03:13:25,91,85,0.002851112,0.002457796
355769:8007,07/18/22 03:48:39,549,549,0.016837762,0.015922186
355862:8016,07/19/22 18:08:10,30,23,0.001837369,0.001206390
355863:8016,07/19/22 18:19:43,23,14,0.001383429,0.000740779
355865:8016,07/19/22 18:28:32,321,321,0.016307387,0.015647719
355870:8017,07/19/22 22:59:37,47,45,0.002423215,0.002081502
355871:8017,07/19/22 23:17:54,18,14,0.000987643,0.000494473
355872:8017,07/19/22 23:24:45,1228,1228,0.079538035,0.070563262
355892:8018,07/20/22 10:23:52,189,189,0.011511302,0.011014765
355912:8019,07/20/22 14:17:20,167,162,0.010628796,0.009260398
355913:8019,07/20/22 15:22:09,106,106,0.006347388,0.005865777
355921:8020,07/20/22 18:48:52,412,409,0.024906715,0.023068453
355933:8022,07/21/22 01:54:49,405,405,0.002375904,0.001610359
355942:8023,07/21/22 06:45:12,197,197,0.001640130,0.001536603
355988:8027,07/21/22 23:02:22,56,51,0.004456967,0.003203852
355989:8027,07/21/22 23:23:47,33,24,0.003201745,0.001275222
355990:8027,07/21/22 23:36:35,36,26,0.003754516,0.001681171
355991:8027,07/21/22 23:50:31,57,53,0.004851180,0.004205913
355992:8027,07/22/22 00:12:39,21,17,0.002120577,0.001565863
355993:8027,07/22/22 00:20:32,86,80,0.008490253,0.006943742
355994:8027,07/22/22 00:53:55,31,24,0.002901949,0.001779880
355995:8027,07/22/22 01:05:57,12,4,0.001107536,0.000015804
355996:8027,07/22/22 01:10:17,27,23,0.002507895,0.001729600
355997:8027,07/22/22 01:20:41,39,26,0.003548923,0.002143658
355998:8027,07/22/22 01:35:51,40,35,0.003525211,0.002662985
355999:8027,07/22/22 01:51:17,17,9,0.001463838,0.000649528
356001:8027,07/22/22 01:57:33,33,23,0.002851995,0.001826907
356002:8027,07/22/22 02:10:02,11,5,0.000921926,0.000354917
356003:8027,07/22/22 02:14:17,283,273,0.022318477,0.021022468
356004:8027,07/22/22 04:04:14,28,20,0.002094384,0.001394734
356005:8027,07/22/22 04:14:46,194,194,0.013080432,0.012586349
356041:8030,07/22/22 17:52:29,4,0,0.000415630,0
356042:8030,07/22/22 17:54:03,16,10,0.001131336,0.000000844
356043:8030,07/22/22 18:00:07,91,65,0.009866131,0.005618650
356046:8030,07/22/22 18:35:17,87,79,0.010834960,0.009497806
356047:8030,07/22/22 19:08:53,18,10,0.002235642,0.001049937
356048:8030,07/22/22 19:15:47,16,16,0.000473994,0.000350652
356071:8033,07/23/22 12:41:42,383,366,0.045052491,0.039265143
356073:8033,07/23/22 15:10:12,28,20,0.003364836,0.002136715
356074:8033,07/23/22 15:21:04,93,81,0.011315006,0.009374271
356075:8033,07/23/22 15:57:05,155,146,0.018959228,0.014084246
356076:8033,07/23/22 16:56:57,159,152,0.019626458,0.017251373
356077:8033,07/23/22 17:58:32,479,479,0.052877018,0.050655009
356135:8043,07/25/22 11:05:49,45,45,0.003865058,0.003417933
356155:8046,07/25/22 17:44:11,2,0,0.000240862,0
356158:8046,07/25/22 17:44:57,46,5,0.005387242,0.000000018
356161:8046,07/25/22 18:02:42,8,4,0.000914370,0.000000009
356162:8046,07/25/22 18:05:36,37,17,0.004164026,0.001863204
356163:8046,07/25/22 18:19:46,28,20,0.003255389,0.002154851
356164:8046,07/25/22 18:30:38,79,73,0.012509977,0.011471190
356165:8046,07/25/22 19:01:11,85,70,0.013272248,0.010919905
356170:8046,07/25/22 19:34:01,26,3,0.003926212,0.000298320
356174:8046,07/25/22 19:44:07,7,3,0.001048513,0.000270735
356175:8046,07/25/22 19:46:32,16,1,0.001019793,0.000015374
356177:8046,07/25/22 19:52:27,7,7,0,0
356309:8057,07/27/22 17:55:16,131,131,0.012071880,0.011183496
356316:8058,07/27/22 21:39:15,187,187,0.011619621,0.011348182
356321:8059,07/28/22 00:59:10,93,87,0.010877137,0.009228992
356322:8059,07/28/22 01:35:06,26,19,0.003130567,0.002076676
356323:8059,07/28/22 01:45:01,656,656,0.076372226,0.072594427
356371:8062,07/28/22 16:45:47,36,36,0.004028845,0.002991856
356375:8063,07/28/22 19:03:54,161,149,0.022157281,0.016155218
356377:8063,07/28/22 20:06:09,4,2,0.000618699,0.000024984
356378:8063,07/28/22 20:07:42,317,304,0.046801636,0.042829525
356381:8063,07/28/22 22:10:47,1220,1193,0.136466954,0.132043190
356383:8063,07/29/22 06:04:41,46,36,0.004045944,0.003043515
356384:8063,07/29/22 06:22:20,11,3,0.000967924,0.000010293
356385:8063,07/29/22 06:26:25,38,31,0.003317663,0.002501582
356386:8063,07/29/22 06:41:02,135,135,0.009363229,0.009208332
356426:8067,07/29/22 13:49:44,35,30,0.005098013,0.002866751
356427:8067,07/29/22 14:03:18,22,14,0.003546742,0.001836077
356428:8067,07/29/22 14:11:32,471,462,0.076865499,0.072339135
356431:8067,07/29/22 17:14:17,7,2,0.001189727,0.000062971
356432:8067,07/29/22 17:16:47,10,2,0.001718050,0.000040491
356433:8067,07/29/22 17:20:28,316,310,0.050888991,0.048184383
356434:8067,07/29/22 19:22:54,21,13,0.003163884,0.001726809
356435:8067,07/29/22 19:31:01,14,8,0.002095151,0.000894810
356436:8067,07/29/22 19:36:07,18,18,0.001753384,0.001712246
356446:8068,07/29/22 22:05:07,620,620,0.096615025,0.093513605
356466:8072,07/30/22 09:56:01,258,252,0.038907146,0.036215106
356467:8072,07/30/22 11:36:15,274,266,0.043313928,0.036096232
356468:8072,07/30/22 13:22:32,7,3,0.001108864,0.000070282
356469:8072,07/30/22 13:25:06,122,109,0.019159694,0.014175745
356470:8072,07/30/22 14:12:23,20,3,0.003182271,0.000000060
356471:8072,07/30/22 14:20:00,25,7,0.003939485,0.000905071
356472:8072,07/30/22 14:29:33,76,68,0.010390072,0.009344932
356473:8072,07/30/22 14:58:57,160,143,0.024308206,0.020855769
356474:8072,07/30/22 16:00:58,28,21,0.004118339,0.002804332
356475:8072,07/30/22 16:11:35,6,3,0.000884218,0.000006235
356476:8072,07/30/22 16:13:40,41,28,0.005948545,0.003668609
356478:8072,07/30/22 16:29:15,679,671,0.085655231,0.082754064
356479:8072,07/30/22 20:52:47,9,3,0.000990794,0.000000003
356480:8072,07/30/22 20:55:56,16,8,0.001761670,0.000000003
356481:8072,07/30/22 21:02:07,221,221,0.021688815,0.021448220
356488:8073,07/31/22 00:47:34,240,233,0.036363281,0.033768768
356489:8073,07/31/22 02:20:33,489,489,0.074118029,0.071075375
356523:8076,07/31/22 18:50:55,910,903,0.173131449,0.168340838
356524:8076,08/01/22 00:44:06,23,16,0.004190792,0.000107082
356525:8076,08/01/22 00:52:59,18,14,0.003254918,0.000170215
356526:8076,08/01/22 00:59:51,27,15,0.004844060,0.000189913
356527:8076,08/01/22 01:10:20,18,11,0.003199825,0.000071777
356528:8076,08/01/22 01:17:20,21,13,0.003701299,0.000146169
356529:8076,08/01/22 01:25:29,86,22,0.014783133,0.000144212
356530:8076,08/01/22 01:58:33,31,11,0.005211964,0.001476365
356531:8076,08/01/22 02:10:15,66,66,0.009168606,0.009020962
356563:8078,08/01/22 14:48:31,312,312,0.056314989,0.055154509
356568:8079,08/01/22 18:52:00,34,25,0.004784646,0.003404341
356569:8079,08/01/22 19:05:00,264,250,0.049952457,0.045612139
356570:8079,08/01/22 20:47:20,109,109,0.019646384,0.019221666
356576:8081,08/02/22 05:10:44,191,184,0.028838751,0.026289900
356577:8081,08/02/22 06:24:41,39,31,0.007603375,0.005724606
356578:8081,08/02/22 06:39:29,880,865,0.160656671,0.155378331
356580:8081,08/02/22 12:21:24,57,50,0.008996781,0.007771856
356581:8081,08/02/22 12:43:21,104,93,0.016074648,0.008961228
356582:8081,08/02/22 13:23:37,104,104,0.015371900,0.015206052
356613:8083,08/02/22 18:10:28,41,36,0.004419421,0.003206355
356614:8083,08/02/22 18:26:15,70,62,0.013064843,0.008971627
356615:8083,08/02/22 18:53:13,1306,1297,0.238173661,0.232224530
356616:8083,08/03/22 03:20:23,12,8,0.001782320,0.000000002
356617:8083,08/03/22 03:24:55,8,2,0.001191767,0.000000002
356618:8083,08/03/22 03:27:47,9,2,0.001315009,0.000000002
356619:8083,08/03/22 03:31:02,201,201,0.024350212,0.024082784
356709:8087,08/03/22 22:03:47,128,128,0.025333585,0.017018014
356719:8088,08/04/22 01:05:17,896,891,0.212393070,0.205318921
356720:8088,08/04/22 06:53:24,107,99,0.025470054,0.022798391
356721:8088,08/04/22 07:34:55,39,33,0.009037632,0.006750284
356722:8088,08/04/22 07:49:52,586,586,0.116342623,0.114098477
356788:8091,08/04/22 19:35:16,138,130,0.037162312,0.032904011
356789:8091,08/04/22 20:28:38,118,118,0.031498431,0.030528772
356810:8094,08/05/22 02:19:24,139,133,0.031917759,0.028855567
356811:8094,08/05/22 03:13:06,59,52,0.017922302,0.014911874
356812:8094,08/05/22 03:35:55,121,115,0.035105971,0.032049714
356813:8094,08/05/22 04:22:46,68,62,0.018957972,0.016451524
356814:8094,08/05/22 04:48:52,680,672,0.162195172,0.157462624
356815:8094,08/05/22 09:13:01,222,219,0.044151642,0.042823221
356824:8094,08/05/22 10:39:04,72,66,0.011567492,0.009507945
356825:8094,08/05/22 11:06:54,8,8,0.000650808,0.000540268
356902:8098,08/06/22 01:12:57,38,30,0.009459741,0.000517932
356906:8098,08/06/22 01:27:24,7,3,0.001872825,0.000442656
356908:8098,08/06/22 01:30:07,33,33,0.007690954,0.007176433
356919:8099,08/06/22 03:55:58,101,101,0.022570557,0.021570355
356937:8100,08/06/22 14:01:53,125,125,0.030004629,0.028651021
356943:8102,08/06/22 17:25:42,206,199,0.062736275,0.056422162
356944:8102,08/06/22 18:45:27,38,23,0.012876982,0.005254506
356945:8102,08/06/22 19:00:13,136,128,0.040309568,0.036230367
356946:8102,08/06/22 19:52:44,138,129,0.041543286,0.034706570
356947:8102,08/06/22 20:46:12,355,350,0.096517475,0.091041047
356948:8102,08/06/22 23:03:58,94,88,0.023094887,0.020025447
356949:8102,08/06/22 23:40:25,116,110,0.027235629,0.024807519
356950:8102,08/07/22 00:25:07,12,7,0.002781960,0.000001918
356951:8102,08/07/22 00:29:25,289,284,0.063299824,0.060674933
356952:8102,08/07/22 02:21:23,9,4,0.001864124,0.000000003
356953:8102,08/07/22 02:24:46,11,6,0.002270853,0.000000002
356954:8102,08/07/22 02:28:59,368,365,0.071116697,0.068122152
356955:8102,08/07/22 04:51:58,383,380,0.065138727,0.063411598
356956:8102,08/07/22 07:20:44,119,119,0.016210070,0.015926148
356968:8103,08/07/22 10:59:20,194,187,0.055442415,0.051281721
356969:8103,08/07/22 12:14:36,243,236,0.072133016,0.066613964
356970:8103,08/07/22 13:48:42,381,371,0.097808237,0.095313161
356977:8103,08/07/22 16:16:23,29,29,0,0
356997:8106,08/08/22 05:45:05,132,125,0.038867279,0.034218962
356998:8106,08/08/22 06:36:19,21,16,0.006945573,0.004607039
356999:8106,08/08/22 06:44:07,62,58,0.020089610,0.016868413
357000:8106,08/08/22 07:08:08,55,50,0.013548208,0.010967963
357001:8106,08/08/22 07:29:31,212,200,0.052838099,0.051113301
357005:8106,08/08/22 08:51:33,50,4,0,0
357059:8108,08/08/22 16:49:29,5,5,0.000078171,0.000071618
357070:8111,08/09/22 00:58:16,16,16,0.001277371,0.001106554
357076:8112,08/09/22 02:54:58,13,8,0.002598769,0.000918066
357077:8112,08/09/22 02:59:44,96,91,0.031080843,0.027456462
357078:8112,08/09/22 03:36:49,169,163,0.063876386,0.057983749
357079:8112,08/09/22 04:42:08,28,22,0.009859627,0.007455815
357080:8112,08/09/22 04:52:58,669,662,0.214084198,0.204754473
357081:8112,08/09/22 09:12:46,766,766,0.180730354,0.177045368
357096:8113,08/09/22 16:54:25,18,12,0.004790530,0.002182104
357098:8113,08/09/22 17:01:25,79,71,0.021951486,0.017938460
357100:8113,08/09/22 17:32:07,48,44,0.018114821,0.015192128
357101:8113,08/09/22 17:50:32,151,130,0.051744757,0.041642670
357102:8113,08/09/22 18:48:55,142,138,0.049497239,0.043081107
357103:8113,08/09/22 19:44:00,41,35,0.013629543,0.010699178
357104:8113,08/09/22 19:59:35,13,5,0.004267748,0.001404737
357105:8113,08/09/22 20:04:24,56,50,0.018015141,0.014944254
357106:8113,08/09/22 20:26:05,66,60,0.020745623,0.017093790
357110:8113,08/09/22 20:51:38,35,28,0.010749313,0.007608517
357112:8113,08/09/22 21:05:03,534,534,0.140989649,0.134621888
357268:8115,08/10/22 19:33:13,86,76,0.027652761,0.021384988
357269:8115,08/10/22 20:06:16,7,2,0.002680109,0.000091960
357270:8115,08/10/22 20:09:00,5,2,0.001902932,0.000070922
357271:8115,08/10/22 20:10:57,1584,1584,0.449243660,0.418471366
357328:8118,08/11/22 19:45:10,73,64,0.022424696,0.016701445
357329:8118,08/11/22 20:13:21,673,669,0.233152557,0.216960152
357330:8118,08/12/22 00:34:27,165,157,0.048467435,0.042346488
357331:8118,08/12/22 01:38:29,31,24,0.008692611,0.005546199
357332:8118,08/12/22 01:50:29,440,430,0.112325606,0.097576600
357333:8118,08/12/22 04:41:18,217,217,0.045833308,0.043709135
357401:8120,08/12/22 18:56:39,626,626,0.171820619,0.167123183
357406:8121,08/13/22 02:46:57,154,154,0.035337627,0.033447855
357438:8124,08/13/22 14:36:38,227,198,0.077807165,0.061878730
357440:8124,08/13/22 16:04:46,362,354,0.122882841,0.113369669
357441:8124,08/13/22 18:25:23,97,84,0.029525821,0.024726268
357442:8124,08/13/22 19:03:01,1386,1386,0.318642794,0.310129159
357447:8125,08/14/22 06:44:57,25,25,0.003004014,0.002644823
357472:8128,08/14/22 18:41:14,32,32,0.007950401,0.007475257
357478:8128,08/15/22 03:48:55,15,10,0.004308000,0.001884904
357479:8128,08/15/22 03:54:43,1065,1046,0.348348465,0.326429059
357482:8128,08/15/22 10:48:28,237,237,0.054893769,0.049880837
357538:8132,08/15/22 20:36:32,33,28,0.008641451,0.005863608
357539:8132,08/15/22 20:49:05,16,8,0.004204210,0.000359987
357540:8132,08/15/22 20:54:59,6,2,0.001700432,0.000074952
357542:8132,08/15/22 20:57:04,260,252,0.095076271,0.083499863
357550:8132,08/15/22 22:37:57,37,37,0.012815003,0.011697342
357610:8136,08/17/22 05:34:00,197,192,0.049568721,0.045176520
357611:8136,08/17/22 06:50:12,419,412,0.117007624,0.109764774
357612:8136,08/17/22 09:32:56,746,736,0.162930530,0.154538329
357613:8136,08/17/22 14:22:26,270,265,0.046389040,0.045252046
357687:8142,08/19/22 00:51:06,72,24,0.020248921,0.000448614
357688:8142,08/19/22 01:18:59,386,386,0.138833779,0.128611366
357696:8143,08/19/22 06:52:59,391,382,0.143424719,0.129344312
357697:8143,08/19/22 09:24:42,82,78,0.028928841,0.025146636
357698:8143,08/19/22 09:56:20,70,63,0.023797189,0.018452370
357699:8143,08/19/22 10:23:21,35,30,0.011542864,0.009136218
357700:8143,08/19/22 10:36:51,766,758,0.215142946,0.207203197
357701:8143,08/19/22 15:34:11,410,344,0.091072229,0.068617933
357704:8143,08/19/22 18:13:10,92,86,0.018911357,0.017109207
357705:8143,08/19/22 18:48:46,213,203,0.041709556,0.038171404
357706:8143,08/19/22 20:11:20,173,173,0.028657911,0.027885406
357720:8144,08/19/22 23:21:32,87,87,0.022371940,0.020487626
357732:8146,08/20/22 10:01:09,138,130,0.050715389,0.041053267
357733:8146,08/20/22 10:54:39,26,15,0.011245200,0.005114647
357734:8146,08/20/22 11:04:44,304,300,0.118197048,0.108185458
357735:8146,08/20/22 13:02:37,1131,1131,0.328289696,0.316896707
357754:8147,08/20/22 22:52:12,123,119,0.040027652,0.033375790
357755:8147,08/20/22 23:39:45,13,5,0.005439654,0
357756:8147,08/20/22 23:44:38,429,425,0.158499679,0.147355825
357757:8147,08/21/22 02:31:13,16,9,0.005334039,0.002101195
357758:8147,08/21/22 02:37:20,91,85,0.029573343,0.025048595
357759:8147,08/21/22 03:12:43,90,70,0.026943796,0.020326282
357760:8147,08/21/22 03:47:42,2,2,0,0
357766:8148,08/21/22 07:27:00,146,141,0.054262935,0.045731808
357767:8148,08/21/22 08:23:41,44,17,0.018902485,0.005834498
357769:8148,08/21/22 08:40:25,38,19,0.015897532,0.006673753
357770:8148,08/21/22 08:54:49,80,32,0.032628097,0.011854875
357771:8148,08/21/22 09:25:42,152,129,0.057680197,0.047210957
357776:8148,08/21/22 10:24:33,569,562,0.183917212,0.173800934
357777:8148,08/21/22 14:05:36,97,86,0.026947318,0.023032432
357778:8148,08/21/22 14:43:18,367,358,0.092569198,0.086318920
357779:8148,08/21/22 17:05:47,90,81,0.020831354,0.016726939
357780:8148,08/21/22 17:40:37,11,2,0.002517859,0.000103136
357781:8148,08/21/22 17:44:36,20,20,0.002224707,0.002062740
357802:8149,08/21/22 20:58:51,171,166,0.059646664,0.053101016
357803:8149,08/21/22 22:05:02,160,154,0.058106246,0.052456932
357804:8149,08/21/22 23:06:52,28,23,0.010172975,0.007654950
357805:8149,08/21/22 23:17:38,93,88,0.032970027,0.029430542
357806:8149,08/21/22 23:53:44,70,65,0.021675352,0.018152340
357807:8149,08/22/22 00:20:46,250,244,0.083066242,0.077467218
357808:8149,08/22/22 01:57:54,23,17,0.007132238,0.004286673
357809:8149,08/22/22 02:06:38,44,41,0.013568221,0.011963624
357812:8149,08/22/22 02:23:37,53,50,0.016046620,0.014452818
357813:8149,08/22/22 02:44:13,296,293,0.083535306,0.078746178
357814:8149,08/22/22 04:39:13,220,212,0.056165705,0.050575155
357815:8149,08/22/22 06:04:22,950,950,0.197672890,0.192540635
357885:8151,08/22/22 23:40:35,101,98,0.025283632,0.021689157
357886:8151,08/23/22 00:19:45,9,6,0.003193439,0.001324912
357887:8151,08/23/22 00:22:58,11,8,0.004073502,0.002109588
357888:8151,08/23/22 00:27:05,9,5,0.003371260,0.001282035
357889:8151,08/23/22 00:30:29,16,10,0.005955208,0.002495379
357890:8151,08/23/22 00:36:27,29,23,0.010654556,0.006487712
357891:8151,08/23/22 00:47:38,45,41,0.016215039,0.013319112
357892:8151,08/23/22 01:04:53,38,30,0.013836821,0.010032078
357893:8151,08/23/22 01:19:40,19,15,0.006890379,0.003606856
357894:8151,08/23/22 01:26:44,32,27,0.011650998,0.007339659
357895:8151,08/23/22 01:39:07,56,52,0.020889164,0.015531304
357896:8151,08/23/22 02:00:40,19,15,0.006949466,0.004412508
357897:8151,08/23/22 02:07:52,49,18,0.017406983,0.005505796
357898:8151,08/23/22 02:26:33,316,313,0.113003963,0.104705706
357899:8151,08/23/22 04:29:12,642,638,0.195724459,0.185158102
357900:8151,08/23/22 08:38:20,534,531,0.126309383,0.119836265
359268:8177,09/23/22 16:44:08,347,332,0.000041579,0.000039220
359270:8177,09/23/22 18:58:37,166,166,0.000018239,0.000017968
359278:8178,09/23/22 22:21:33,36,30,0.000009439,0.000006882
359279:8178,09/23/22 22:35:28,41,35,0.000015326,0.000012712
359280:8178,09/23/22 22:51:24,44,41,0.000017395,0.000015757
359281:8178,09/23/22 23:08:08,44,37,0.000017383,0.000014348
359282:8178,09/23/22 23:25:12,1985,1977,0.000373178,0.000364954
359283:8178,09/24/22 12:16:19,22,13,0.000009260,0.000005005
359284:8178,09/24/22 12:24:46,13,7,0.000005475,0.000002737
359285:8178,09/24/22 12:29:47,22,1,0.000009266,0.000000285
359286:8178,09/24/22 12:38:10,222,215,0.000093736,0.000088870
359287:8178,09/24/22 14:04:22,80,77,0.000027062,0.000025249
359288:8178,09/24/22 14:35:13,199,186,0.000036383,0.000030311
359289:8178,09/24/22 15:52:15,1011,997,0.000334937,0.000325219
359291:8178,09/24/22 22:24:49,1240,1227,0.000525752,0.000508942
359293:8178,09/25/22 06:26:13,204,201,0.000087381,0.000084807
359294:8178,09/25/22 07:45:15,1202,1188,0.000313984,0.000304796
359296:8178,09/25/22 15:32:02,417,410,0.000138118,0.000133390
359297:8178,09/25/22 18:13:50,2083,2083,0.000817509,0.000806852
359342:8181,09/26/22 15:53:44,13,9,0.000005026,0.000002561
359343:8181,09/26/22 15:58:32,553,553,0.000224779,0.000214135
359356:8184,09/27/22 00:27:37,36,36,0.000002491,0.000002389
359568:8210,09/29/22 14:22:17,47,38,0.000767996,0.000597119
359569:8210,09/29/22 14:40:17,91,83,0.001471842,0.001321543
359570:8210,09/29/22 15:15:29,36,19,0.000577112,0.000286704
359571:8210,09/29/22 15:29:19,185,168,0.002924482,0.002484381
359575:8210,09/29/22 16:41:25,102,89,0.001588677,0.001314766
359576:8210,09/29/22 17:21:00,58,47,0.000894176,0.000683083
359577:8210,09/29/22 17:43:13,46,35,0.000703560,0.000527471
359578:8210,09/29/22 18:00:50,45,35,0.000682133,0.000517542
359579:8210,09/29/22 18:18:17,43,32,0.000962494,0.000673085
359580:8210,09/29/22 18:34:42,43,33,0.001092248,0.000809095
359581:8210,09/29/22 18:51:17,43,32,0.001076597,0.000789346
359582:8210,09/29/22 19:07:49,50,34,0.001236187,0.000785553
359584:8210,09/29/22 19:27:04,44,33,0.001069040,0.000745436
359585:8210,09/29/22 19:44:00,231,231,0.002945141,0.002878158
359595:8211,09/30/22 00:53:03,289,276,0.006611646,0.006293389
359597:8211,09/30/22 02:45:13,106,106,0.002307411,0.002251475
359599:8212,09/30/22 05:21:39,8,0,0.000583031,0
359602:8212,09/30/22 05:24:24,84,74,0.006925290,0.005481317
359603:8212,09/30/22 05:56:50,23,11,0.002278609,0.001054946
359604:8212,09/30/22 06:05:26,20,10,0.001966396,0.000903329
359605:8212,09/30/22 06:13:01,22,18,0.002120084,0.001376002
359606:8212,09/30/22 06:21:31,9,3,0.000866468,0
359607:8212,09/30/22 06:24:49,49,49,0.004732061,0.004585838
359661:8214,09/30/22 14:54:06,83,83,0.009858370,0.009336907
359681:8216,09/30/22 20:47:14,3,0,0.000363056,0
359682:8216,09/30/22 20:48:12,14,2,0.001682476,0.000002212
359683:8216,09/30/22 20:53:32,21,17,0.002720890,0.000121087
359684:8216,09/30/22 21:01:34,166,159,0.028607948,0.027163426
359685:8216,09/30/22 22:05:59,170,141,0.027023312,0.021105934
359686:8216,09/30/22 23:11:45,942,942,0.115514491,0.114636518
359691:8220,10/01/22 10:46:03,222,149,0.070467002,0.037176830
359693:8220,10/01/22 12:12:09,622,614,0.173777835,0.163348072
359694:8220,10/01/22 16:13:37,1093,1093,0.222517344,0.217265971
359699:8221,10/02/22 02:39:03,1969,1969,0.442173949,0.428350064
359717:8222,10/02/22 18:37:50,347,341,0.133797326,0.125756004
359718:8222,10/02/22 20:52:32,373,373,0.128923614,0.123440462
359750:8223,10/03/22 11:37:49,199,193,0.076927112,0.060857459
359751:8223,10/03/22 12:54:53,1013,1013,0.325350049,0.311891401
359762:8225,10/03/22 23:14:27,242,237,0.091089899,0.084782324
359763:8225,10/04/22 00:48:18,481,474,0.164557677,0.155880159
359764:8225,10/04/22 03:54:57,1124,1124,0.274517846,0.264691652
359776:8226,10/04/22 13:35:02,335,335,0.000215792,0.000213773
359806:8228,10/04/22 22:41:41,393,371,0.160211774,0.144515154
359808:8228,10/05/22 01:14:08,49,46,0.019000231,0.016579987
359809:8228,10/05/22 01:32:58,47,44,0.017789202,0.015442886
359810:8228,10/05/22 01:51:08,201,184,0.071830489,0.062482377
359812:8228,10/05/22 03:09:00,244,228,0.079503177,0.070648769
359813:8228,10/05/22 04:43:40,15,6,0.004619422,0.000000246
359814:8228,10/05/22 04:49:10,383,383,0.104772885,0.101003429
359868:8230,10/05/22 18:53:52,16,8,0.005647491,0.000699050
359869:8230,10/05/22 18:59:48,17,10,0.006442386,0.000000365
359870:8230,10/05/22 19:06:14,20,13,0.008364943,0.003032146
359871:8230,10/05/22 19:13:55,277,243,0.104842023,0.098844855
359887:8232,10/06/22 05:07:33,487,487,0.000319643,0.000317419
359899:8233,10/06/22 10:24:34,297,289,0.008611355,0.007787315
359901:8233,10/06/22 12:19:42,22,7,0.000590404,0.000000023
359903:8233,10/06/22 12:28:03,41,31,0.001079763,0.000421332
359904:8233,10/06/22 12:43:43,24,16,0.000623675,0.000000021
359905:8233,10/06/22 12:53:02,20,6,0.000517866,0.000036556
359998:8236,10/07/22 16:17:45,1907,1907,0.602559899,0.580418780
360017:8238,10/08/22 11:21:01,65,53,0.016525541,0.013059528
360018:8238,10/08/22 11:46:06,20,12,0.006038473,0.003217058
360019:8238,10/08/22 11:53:37,1513,1513,0.485534213,0.468684072
360075:8245,10/09/22 20:40:46,856,794,0.347782551,0.311128700
360088:8245,10/10/22 02:13:18,328,314,0.107538579,0.099501214
360090:8245,10/10/22 04:20:43,804,804,0.207693740,0.200791804
360116:8247,10/10/22 13:52:55,433,407,0.174846413,0.153273974
360121:8247,10/10/22 16:41:07,12,4,0.005174723,0.000000117
360122:8247,10/10/22 16:45:29,6,3,0.002615926,0.000234096
360123:8247,10/10/22 16:47:48,6,2,0.002604580,0.000074478
360124:8247,10/10/22 16:49:51,8,1,0.003443289,0.000141972
360125:8247,10/10/22 16:52:44,331,324,0.131246272,0.121960313
360126:8247,10/10/22 19:01:15,375,370,0.127288992,0.120285479
360127:8247,10/10/22 21:26:55,205,201,0.061340531,0.057975203
360128:8247,10/10/22 22:46:22,180,172,0.050159216,0.044185096
360129:8247,10/10/22 23:56:02,56,50,0.014997491,0.000000351
360130:8247,10/11/22 00:17:44,99,91,0.025724286,0.022483044
360131:8247,10/11/22 00:56:13,390,390,0.090166480,0.087592909
360141:8248,10/11/22 05:31:12,759,759,0.306280822,0.292055242
360224:8253,10/12/22 01:08:06,243,227,0.095454716,0.081679929
360225:8253,10/12/22 02:42:17,369,369,0.152216682,0.141516299
360295:8260,10/13/22 02:44:16,1450,1443,0.549232225,0.522789922
360296:8260,10/13/22 12:07:36,533,533,0.138725559,0.133984140
360327:8263,10/14/22 00:25:36,357,357,0.140163738,0.133675877
360390:8267,10/14/22 20:28:53,85,82,0.033355514,0.029784237
360391:8267,10/14/22 21:01:37,23,13,0.009924192,0.001766553
360392:8267,10/14/22 21:10:16,68,65,0.028652997,0.024347930
360393:8267,10/14/22 21:36:29,157,157,0.052726935,0.049501312
360400:8269,10/15/22 02:46:53,87,87,0.025762512,0.024514761
360413:8272,10/15/22 09:29:51,110,101,0.041069478,0.036643585
360414:8272,10/15/22 10:12:36,6,6,0,0
360428:8273,10/15/22 13:02:15,85,82,0.034158265,0.028412781
360429:8273,10/15/22 13:35:04,11,4,0.004463751,0
360430:8273,10/15/22 13:39:11,37,20,0.015933237,0.000000146
360432:8273,10/15/22 13:53:32,39,32,0.016642675,0.011486356
360433:8273,10/15/22 14:08:37,8,4,0.003367054,0.000000033
360434:8273,10/15/22 14:11:33,11,4,0.004595999,0
360435:8273,10/15/22 14:15:34,78,60,0.032795404,0.019990532
360437:8273,10/15/22 14:45:40,51,44,0.021709925,0.016463470
360438:8273,10/15/22 15:05:14,77,61,0.032103061,0.019487350
360439:8273,10/15/22 15:34:51,21,15,0.008737687,0.005644319
360440:8273,10/15/22 15:42:46,12,6,0.005188698,0.002120225
360441:8273,10/15/22 15:47:09,152,145,0.064844075,0.059101686
360442:8273,10/15/22 16:46:07,141,102,0.055915724,0.038920201
360444:8273,10/15/22 17:40:40,9,3,0.000438159,0.000000016
360445:8273,10/15/22 17:44:00,12,12,0,0
360458:8274,10/15/22 20:23:50,215,207,0.081633594,0.071044928
360459:8274,10/15/22 21:47:03,1344,1339,0.482313966,0.459410860
360460:8274,10/16/22 06:28:58,1088,1088,0.242089468,0.234244356
360486:8276,10/16/22 17:00:52,451,433,0.187173866,0.161642122
360490:8276,10/16/22 19:56:06,1203,1199,0.392513840,0.373762743
360491:8276,10/17/22 03:43:11,191,191,0.043437635,0.041532975
360737:8289,10/19/22 10:34:59,25,25,0.000988229,0.000932286
360761:8293,10/19/22 15:02:11,164,164,0.009416122,0.009223428
360794:8295,10/19/22 23:56:45,691,684,0.287117212,0.268797288
360795:8295,10/20/22 04:25:12,416,412,0.156781390,0.148805846
360796:8295,10/20/22 07:06:44,561,556,0.169522364,0.161529836
360797:8295,10/20/22 10:44:41,17,17,0.002910882,0.002536662
360819:8297,10/20/22 13:45:03,11,3,0.004143227,0
360820:8297,10/20/22 13:48:59,899,892,0.371295271,0.347749724
360821:8297,10/20/22 19:38:13,103,9,0.037715709,0.000000090
360825:8297,10/20/22 20:18:00,366,359,0.121943928,0.113768713
360826:8297,10/20/22 22:40:05,132,132,0.036025335,0.033919294
360856:8299,10/21/22 11:12:32,62,62,0.003234985,0.003138281
360874:8301,10/21/22 16:53:37,61,54,0.003706482,0.003094528
360875:8301,10/21/22 17:17:17,39,32,0.002544324,0.001977002
360876:8301,10/21/22 17:32:24,414,347,0.025109169,0.021167503
360887:8302,10/21/22 22:36:46,134,125,0.051125880,0.043588435
360888:8302,10/21/22 23:28:39,305,297,0.135703351,0.122801925
360889:8302,10/22/22 01:26:51,43,36,0.018973169,0.008619997
360890:8302,10/22/22 01:43:25,540,519,0.210487870,0.194317073
360892:8302,10/22/22 05:12:51,311,307,0.100956370,0.095977122
360893:8302,10/22/22 07:13:39,34,16,0.010268878,0.004435802
360894:8302,10/22/22 07:26:51,20,13,0.006000302,0.003483505
360895:8302,10/22/22 07:34:19,709,705,0.182793813,0.176654224
360919:8304,10/22/22 16:01:25,803,800,0.342455953,0.323330333
360920:8304,10/22/22 21:13:18,11,4,0.004411303,0.001370268
360921:8304,10/22/22 21:17:35,220,220,0.082766112,0.079097914
360927:8305,10/23/22 01:06:25,1908,1897,0.692330823,0.658570578
360940:8306,10/23/22 15:35:40,13,5,0.002693039,0.000341770
360941:8306,10/23/22 15:40:28,87,76,0.033013150,0.024905082
360942:8306,10/23/22 16:14:08,391,348,0.169535887,0.141359155
360945:8306,10/23/22 18:45:57,108,99,0.046732293,0.038280349
360946:8306,10/23/22 19:27:46,398,369,0.161053880,0.141467785
360948:8306,10/23/22 22:02:16,133,123,0.047951977,0.041476576
360950:8306,10/23/22 22:53:44,730,718,0.221602061,0.209801364
360951:8306,10/24/22 03:37:03,195,195,0.046845892,0.044904724
360991:8307,10/24/22 10:23:17,245,238,0.029307877,0.027357777
360992:8307,10/24/22 11:58:16,107,107,0.011124401,0.010852711
361020:8309,10/24/22 17:05:01,409,404,0.027654265,0.025857895
361032:8309,10/24/22 19:43:40,11,11,0.000720197,0.000719708
361044:8311,10/25/22 00:03:13,134,127,0.052425351,0.046357455
361045:8311,10/25/22 00:55:10,1004,956,0.417135700,0.377255252
361050:8311,10/25/22 07:24:54,25,10,0.008714303,0.003147181
361052:8311,10/25/22 07:34:36,74,65,0.024781681,0.020678842
361053:8311,10/25/22 08:03:04,10,2,0.003242485,0.000060796
361054:8311,10/25/22 08:06:43,500,476,0.147183152,0.131008623
361059:8311,10/25/22 11:20:56,122,122,0.031674613,0.030701228
361083:8312,10/25/22 14:24:28,62,62,0.007856501,0.007386473
361091:8313,10/25/22 16:39:55,405,405,0.054270054,0.052373534
361105:8314,10/25/22 23:35:04,428,422,0.155613083,0.145318150
361106:8314,10/26/22 02:21:10,37,31,0.013538816,0.010570845
361107:8314,10/26/22 02:35:30,162,156,0.060301405,0.054964125
361108:8314,10/26/22 03:38:10,15,7,0.005601382,0.002069987
361110:8314,10/26/22 03:43:42,203,203,0.071011819,0.066626728
361188:8315,10/26/22 18:31:01,146,143,0.063063807,0.055026390
361193:8315,10/26/22 19:27:43,36,29,0.015531139,0.011017245
361195:8315,10/26/22 19:41:33,29,25,0.012600019,0.008053173
361196:8315,10/26/22 19:52:28,16,9,0.006865359,0.000014018
361197:8315,10/26/22 19:58:35,2216,2177,0.755111262,0.679694825
361198:8315,10/27/22 10:19:20,55,55,0.009834755,0.009528218
361223:8316,10/27/22 13:21:29,702,702,0.296306936,0.271996868
361239:8317,10/27/22 20:29:16,1065,1058,0.447127926,0.422644807
361240:8317,10/28/22 03:22:51,1028,1028,0.303488253,0.292170693
361271:8319,10/28/22 12:53:41,16,8,0.003711714,0.000544022
361272:8319,10/28/22 12:59:35,148,131,0.062092153,0.050161179
361280:8319,10/28/22 13:56:59,281,272,0.121751245,0.109928975
361283:8319,10/28/22 15:46:07,40,31,0.017290408,0.010754278
361284:8319,10/28/22 16:01:19,43,43,0.015652898,0.014956325
361297:8320,10/28/22 20:08:38,953,947,0.398321916,0.377785936
361303:8321,10/29/22 06:02:54,2249,2249,0.804549276,0.765931545
361318:8322,10/29/22 23:23:31,465,459,0.199795177,0.187534053
361319:8322,10/30/22 02:23:53,204,198,0.089722435,0.068706304
361320:8322,10/30/22 03:42:46,396,396,0.154469838,0.147953445
361333:8324,10/30/22 10:05:36,315,315,0.126361035,0.120479417
361361:8327,10/31/22 02:35:12,55,48,0.021963855,0.015326198
361362:8327,10/31/22 02:56:28,36,31,0.009714646,0.006323361
361363:8327,10/31/22 03:10:21,34,27,0.014115837,0.007940286
361364:8327,10/31/22 03:23:21,167,160,0.072231262,0.064270472
361365:8327,10/31/22 04:28:09,496,489,0.216232922,0.191872703
361366:8327,10/31/22 07:40:31,206,206,0.079920606,0.075032989
361400:8330,10/31/22 17:19:43,458,458,0.192856932,0.182974990
361417:8331,11/01/22 04:23:57,1644,1644,0.637279683,0.609577448
361443:8333,11/01/22 18:10:45,2282,2282,0.804101966,0.771601163
361468:8334,11/02/22 11:34:23,1899,1899,0.735272340,0.696553711
361475:8335,11/03/22 02:17:05,1241,1241,0.506026487,0.482366780
361512:8342,11/03/22 20:41:49,1549,1549,0.602614482,0.577199390
361569:8345,11/04/22 21:57:13,596,571,0.249982351,0.226194026
361573:8345,11/05/22 01:48:33,319,319,0.127210232,0.121250910
361579:8347,11/05/22 08:30:59,881,873,0.367234327,0.341905052
361580:8347,11/05/22 14:13:00,427,427,0.147171634,0.140870598
361881:8379,11/10/22 00:05:53,20,9,0.000002767,0.000001113
361882:8379,11/10/22 00:13:17,24,11,0.000003325,0.000001312
361883:8379,11/10/22 00:22:30,103,100,0.000014229,0.000013614
361884:8379,11/10/22 01:02:22,57,50,0.000007884,0.000006781
361885:8379,11/10/22 01:24:26,353,339,0.000049330,0.000047115
361886:8379,11/10/22 03:41:29,524,516,0.000046844,0.000044897
361887:8379,11/10/22 07:04:56,403,393,0.000059020,0.000057099
361889:8379,11/10/22 09:41:12,19,12,0.000002807,0.000000757
361890:8379,11/10/22 09:48:23,495,483,0.000074069,0.000071759
361893:8379,11/10/22 13:00:38,586,586,0.000089531,0.000088645
361906:8381,11/10/22 19:32:01,28,4,0.000011537,0.000000809
361909:8381,11/10/22 19:42:49,8,5,0.000003297,0.000001722
361910:8381,11/10/22 19:45:36,69,60,0.000028388,0.000024203
361912:8381,11/10/22 20:12:04,107,100,0.000044273,0.000040075
361913:8381,11/10/22 20:53:32,1554,1527,0.000540031,0.000517354
361915:8381,11/11/22 06:57:13,89,81,0.000022015,0.000018097
361916:8381,11/11/22 07:31:36,73,63,0.000014932,0
361917:8381,11/11/22 07:59:37,294,282,0.000056357,0.000050049
361919:8381,11/11/22 09:53:37,564,551,0.000128128,0.000120836
361921:8381,11/11/22 13:32:35,50,44,0.000021873,0.000018736
361922:8381,11/11/22 13:52:00,229,222,0.000100474,0.000095970
361923:8381,11/11/22 15:20:38,78,64,0.000034171,0.000027357
361925:8381,11/11/22 15:50:48,63,56,0.000027539,0.000023763
361926:8381,11/11/22 16:15:17,11,3,0.000004816,0.000000126
361927:8381,11/11/22 16:19:17,122,102,0.000053084,0.000043628
361929:8381,11/11/22 17:06:20,139,132,0.000060353,0.000055731
361932:8381,11/11/22 18:00:00,32,26,0.000013888,0.000011101
361933:8381,11/11/22 18:12:14,128,128,0.000055407,0.000054111
361948:8383,11/11/22 22:07:11,354,354,0.030293100,0.029413458
361953:8385,11/12/22 03:06:55,46,39,0.013911717,0.010076902
361954:8385,11/12/22 03:24:39,198,190,0.056978431,0.053136145
361955:8385,11/12/22 04:41:18,299,287,0.042856327,0.035515438
361956:8385,11/12/22 06:37:06,149,146,0.047216595,0.044345495
361957:8385,11/12/22 07:34:53,1171,1171,0.334192442,0.324249088
361971:8387,11/12/22 17:50:51,2361,2361,0.839060697,0.804394236
361989:8389,11/13/22 14:15:54,122,117,0.047023577,0.042110784
361990:8389,11/13/22 15:03:08,219,210,0.094099529,0.083851395
361992:8389,11/13/22 16:27:58,15,8,0.006692941,0.000001288
361993:8389,11/13/22 16:33:48,15,5,0.006643088,0.000000406
361994:8389,11/13/22 16:39:23,128,128,0.050303219,0.047369247
362009:8392,11/14/22 08:33:53,38,38,0.005604423,0.004952069
362058:8395,11/14/22 16:00:10,179,173,0.070249839,0.061943013
362059:8395,11/14/22 17:09:39,77,67,0.032871641,0.025241961
362060:8395,11/14/22 17:39:17,96,89,0.041620213,0.035565389
362061:8395,11/14/22 18:16:14,321,314,0.138328671,0.127250597
362062:8395,11/14/22 20:20:50,221,214,0.093890832,0.084972497
362063:8395,11/14/22 21:46:25,137,110,0.053731578,0.035215895
362064:8395,11/14/22 22:39:31,1081,1081,0.324035360,0.312532519
362085:8398,11/15/22 11:02:19,168,158,0.073390192,0.058166850
362087:8398,11/15/22 12:07:32,155,147,0.068042654,0.060451144
362091:8398,11/15/22 13:07:33,1425,1425,0.517118085,0.493335446
362104:8399,11/16/22 01:17:03,130,122,0.048975465,0.041510475
362105:8399,11/16/22 02:07:18,191,184,0.081360801,0.073133444
362106:8399,11/16/22 03:21:10,87,83,0.037103121,0.032304079
362107:8399,11/16/22 03:54:57,799,799,0.328145935,0.312490777
362148:8401,11/16/22 13:18:07,734,722,0.307397593,0.287655399
362152:8401,11/16/22 18:03:13,7,3,0.003093565,0.000190833
362153:8401,11/16/22 18:05:40,152,144,0.065646881,0.057032853
362154:8401,11/16/22 19:04:32,791,791,0.275929934,0.264355937
362159:8402,11/17/22 02:21:39,31,13,0.008646374,0.002154721
362160:8402,11/17/22 02:33:39,9,2,0.003673042,0.000539784
362161:8402,11/17/22 02:36:51,131,124,0.055532987,0.048836936
362163:8402,11/17/22 03:27:43,71,65,0.030350770,0.026201026
362166:8402,11/17/22 03:55:09,344,337,0.147728332,0.136673179
362167:8402,11/17/22 06:08:33,653,653,0.266937160,0.255827475
362433:8456,11/21/22 11:32:34,18,15,0.007831713,0.003451584
362434:8456,11/21/22 11:39:27,10,2,0.004658375,0
362435:8456,11/21/22 11:43:07,26,11,0.012991037,0.001226044
362437:8456,11/21/22 11:53:12,96,93,0.044543303,0.036465320
362438:8456,11/21/22 12:30:09,93,89,0.036729111,0.032895708
362439:8456,11/21/22 13:05:58,1608,1608,0.644310097,0.600552053
362596:8471,11/23/22 20:59:10,45,37,0.015597227,0.009564840
362597:8471,11/23/22 21:16:30,141,141,0.059461349,0.057363085
362613:8474,11/24/22 06:31:28,24,0,0.006894860,0
362614:8474,11/24/22 06:40:41,162,153,0.073058115,0.063853794
362615:8474,11/24/22 07:43:24,161,153,0.076891548,0.067052143
362616:8474,11/24/22 08:45:49,365,358,0.175276319,0.157509549
362617:8474,11/24/22 11:07:16,251,244,0.116150200,0.107022864
362618:8474,11/24/22 12:44:46,282,282,0.110029356,0.101365904
362643:8479,11/24/22 20:53:39,337,337,0.000153609,0.000151465
362653:8484,11/25/22 07:52:25,277,268,0.111717393,0.101817976
362654:8484,11/25/22 09:39:59,53,26,0.023249933,0.010528078
362655:8484,11/25/22 10:00:15,374,356,0.164631677,0.141710184
362656:8484,11/25/22 12:25:27,19,11,0.008129856,0.000000049
362657:8484,11/25/22 12:32:35,214,214,0.083223981,0.079946472
362695:8489,11/26/22 00:41:11,338,335,0.137053439,0.127874976
362696:8489,11/26/22 02:52:11,1731,1724,0.609246999,0.580772588
362697:8489,11/26/22 14:04:33,15,6,0.003679914,0.000012938
362698:8489,11/26/22 14:10:14,383,383,0.084177077,0.081156096
362720:8491,11/26/22 22:58:15,908,905,0.373391128,0.352829899
362721:8491,11/27/22 04:50:57,10,4,0.004262853,0.000000202
362722:8491,11/27/22 04:54:28,9,3,0.003786420,0
362723:8491,11/27/22 04:57:55,13,7,0.005418711,0.000000003
362724:8491,11/27/22 05:02:57,7,2,0.002896670,0
362725:8491,11/27/22 05:05:36,11,3,0.004532434,0
362726:8491,11/27/22 05:09:37,14,7,0.005752561,0.000000244
362727:8491,11/27/22 05:15:01,17,8,0.006890271,0.001665086
362728:8491,11/27/22 05:21:34,393,393,0.150919877,0.143432981
#Summary:
#nfill,nrun,nls,ncms,totdelivered(/fb),totrecorded(/fb)
#177,795,181548,175470,41.069817833,37.654382007
